{"cameraMode":{"drawMode":0,"name":"Shaded","section":"Shading Mode"},"sceneLighting":false,"audioPlay":false,"sceneViewState":{"showFog":true,"showMaterialUpdate":false,"showSkybox":false,"showFlares":true,"showImageEffects":true,"showParticleSystems":true},"in2DMode":false,"pivot":{"x":-0.43000006675720217,"y":13.029125213623047,"z":7.650000095367432},"rotation":{"x":-0.034901298582553866,"y":-0.7939816117286682,"z":0.04578366130590439,"w":-0.6052217483520508},"size":14.31285572052002,"orthographic":false}